"","symbol","id","baseMean","log2FoldChange","lfcSE","stat","pvalue","entrez","sig","shrunkLFC","class","p_val","avg_logFC","pct.1","pct.2","p_val_adj","cluster","Comparison","top.prop"
"BMP4_diff_3w - progenitor|untreated.1","ABCA8","ENSG00000141338",35.147280648871,3.01300882946989,0.522977982006743,5.76125369161535,8.34914362649942e-09,"10351","<= 0.05",2.82784414852064,"Up*",0,1.658723056,0.449,0.065,0,"fibroblast","BMP4_diff_3w - progenitor|untreated",100
"BMP4_diff_3w - progenitor|untreated.2","ABCG2","ENSG00000118777",6.14101085139514,3.49442383876583,1.01731823582695,3.4349367933283,0.000592692051913191,"9429","<= 0.05",2.46774219199527,"Up*",0,2.107851086,0.603,0.033,0,"endothelial","BMP4_diff_3w - progenitor|untreated",100
"BMP4_diff_3w - progenitor|untreated.3","ACKR3","ENSG00000144476",419.562530981519,3.53436887594558,0.916809154385454,3.85507589997255,0.00011569372973373,"57007","<= 0.05",2.83429947386505,"Up*",3.67e-86,0.929246117,0.131,0.022,7.5e-82,"SMC","BMP4_diff_3w - progenitor|untreated",100
"BMP4_diff_3w - progenitor|untreated.4","ACOT11","ENSG00000162390",152.990453645629,4.92506505161987,0.819959199001854,6.00647575832457,1.89599308650336e-09,"26027","<= 0.05",4.46594923823495,"Up*",0,1.779747467,0.658,0.073,0,"astrocyte","BMP4_diff_3w - progenitor|untreated",100
"BMP4_diff_3w - progenitor|untreated.5","ACTA2","ENSG00000107796",38512.3649165078,2.0824061349375,0.625170734056867,3.33093988809156,0.000865532908658216,"59","<= 0.05",1.50834652161059,"Up*",3.53e-283,1.632328863,0.359,0.048,7.20999999999999e-279,"SMC","BMP4_diff_3w - progenitor|untreated",100
"BMP4_diff_3w - progenitor|untreated.6","ANO4","ENSG00000151572",128.886110229169,4.2396677483707,0.579996806483418,7.30981222823666,2.67515950898438e-13,"121601","<= 0.05",4.02803696478932,"Up*",0,3.140327389,0.675,0.035,0,"oligodendrocytes","BMP4_diff_3w - progenitor|untreated",100
"BMP4_diff_3w - progenitor|untreated.7","ARFGEF3","ENSG00000112379",96.3887060401081,2.79742001666507,0.600700709965615,4.65692810122565,3.20962471547058e-06,"57221","<= 0.05",2.51050202272312,"Up*",0,2.165508917,0.591,0.11,0,"oligodendrocytes","BMP4_diff_3w - progenitor|untreated",100
"BMP4_diff_3w - progenitor|untreated.8","ATP8B4","ENSG00000104043",6.25111602227771,4.57590336533809,1.26056313595632,3.6300469487128,0.000283369673241785,"79895","<= 0.05",3.21553639244745,"Up*",0,2.93826203,0.685,0.062,0,"microglia","BMP4_diff_3w - progenitor|untreated",100
"BMP4_diff_3w - progenitor|untreated.9","C3","ENSG00000125730",11436.0779068888,3.8569756059437,0.743203842337143,5.18966047567074,2.10677870783464e-07,"718","<= 0.05",3.50463945426454,"Up*",0,2.55949583,0.569,0.077,0,"microglia","BMP4_diff_3w - progenitor|untreated",100
"BMP4_diff_3w - progenitor|untreated.10","CELF4","ENSG00000101489",134.202463654266,4.05392045028838,0.531009312631497,7.63436789874468,2.26931037565661e-14,"56853","<= 0.05",3.88070396048301,"Up*",0,2.177119996,0.472,0.019,0,"NEU2","BMP4_diff_3w - progenitor|untreated",100
"BMP4_diff_3w - progenitor|untreated.11","CEMIP","ENSG00000103888",12459.6320101753,2.23462136482863,0.873815821691576,2.5573139205728,0.0105483976772014,"57214","<= 0.05",1.05771649167503,"Up*",0,3.38059555,0.883,0.119,0,"fibroblast","BMP4_diff_3w - progenitor|untreated",100
"BMP4_diff_3w - progenitor|untreated.12","CNTNAP2","ENSG00000174469",210.631240749498,6.599865420258,0.937053026954671,7.04321445042113,1.87854761193486e-12,"26047","<= 0.05",5.86053137089188,"Up*",0,2.427675117,0.615,0.122,0,"oligodendrocytes","BMP4_diff_3w - progenitor|untreated",100
"BMP4_diff_3w - progenitor|untreated.13","COL15A1","ENSG00000204291",51.8800660504987,2.82423370713449,0.684136412994294,4.12817334889913,3.65656417011898e-05,"1306","<= 0.05",2.41235824551365,"Up*",0,1.591732656,0.339,0.005,0,"fibroblast","BMP4_diff_3w - progenitor|untreated",100
"BMP4_diff_3w - progenitor|untreated.14","CPE","ENSG00000109472",513.12290595528,2.26966196319038,0.67278964132322,3.37350907889498,0.000742165990039226,"1363","<= 0.05",1.65652041572261,"Up*",0,1.97982977,0.701,0.115,0,"astrocyte","BMP4_diff_3w - progenitor|untreated",100
"BMP4_diff_3w - progenitor|untreated.15","CYYR1","ENSG00000166265",75.5363339309745,2.30335956679146,0.955150782060482,2.41151408767376,0.0158864381057654,"116159","<= 0.05",0.961765575519473,"Up*",0,1.516066638,0.364,0.009,0,"endothelial","BMP4_diff_3w - progenitor|untreated",100
"BMP4_diff_3w - progenitor|untreated.16","DACH2","ENSG00000126733",19.971216351968,4.88485554291712,1.25466556512266,3.89335268194721,9.88682521992485e-05,"117154","<= 0.05",3.64846186766923,"Up*",2.1e-70,0.965058302,0.111,0.017,4.29e-66,"SMC","BMP4_diff_3w - progenitor|untreated",100
"BMP4_diff_3w - progenitor|untreated.17","DNAH7","ENSG00000118997",296.321781294638,2.09258863020904,0.599688582582842,3.48945884745099,0.000483999574459835,"56171","<= 0.05",1.59118415613317,"Up*",0,1.78145836,0.508,0.043,0,"astrocyte","BMP4_diff_3w - progenitor|untreated",100
"BMP4_diff_3w - progenitor|untreated.18","DOCK8","ENSG00000107099",32.2369153319179,2.0091125601329,0.730587584115819,2.74999548830876,0.00595960852531073,"81704","<= 0.05",1.11764507563188,"Up*",0,3.27267453,0.838,0.115,0,"microglia","BMP4_diff_3w - progenitor|untreated",100
"BMP4_diff_3w - progenitor|untreated.19","DSCAML1","ENSG00000177103",18.8880243250235,3.98543605331451,0.946180778254801,4.21212958972334,2.52974334860699e-05,"57453","<= 0.05",3.33967382760328,"Up*",0,2.838874657,0.713,0.07,0,"oligodendrocytes","BMP4_diff_3w - progenitor|untreated",100
"BMP4_diff_3w - progenitor|untreated.20","EDIL3","ENSG00000164176",399.295640251847,3.16108756416844,0.714490831034947,4.42425210634204,9.67769556979606e-06,"10085","<= 0.05",2.77682734062699,"Up*",0,3.64534715,0.853,0.058,0,"oligodendrocytes","BMP4_diff_3w - progenitor|untreated",100
"BMP4_diff_3w - progenitor|untreated.21","ELN","ENSG00000049540",36927.6712990496,6.01720909011185,0.885045167727631,6.79875932836416,1.05523928080766e-11,"2006","<= 0.05",5.39935614853022,"Up*",0,1.008063911,0.265,0.052,0,"fibroblast","BMP4_diff_3w - progenitor|untreated",100
"BMP4_diff_3w - progenitor|untreated.22","FAM20A","ENSG00000108950",32.9241056078513,3.29423447427488,1.23325412306036,2.67117247992663,0.00755867962022573,"54757","<= 0.05",1.44222137179162,"Up*",0,1.274296673,0.294,0.022,0,"fibroblast","BMP4_diff_3w - progenitor|untreated",100
"BMP4_diff_3w - progenitor|untreated.23","FLRT2","ENSG00000185070",131.195569614957,4.76783042046601,1.75949202534925,2.70977665813496,0.00673285282042653,"23768","<= 0.05",1.63634032515408,"Up*",0,2.907297148,0.766,0.044,0,"fibroblast","BMP4_diff_3w - progenitor|untreated",100
"BMP4_diff_3w - progenitor|untreated.24","FLT1","ENSG00000102755",23.2225132146243,7.18296785823937,1.35252494582334,5.31078401209581,1.09154632964081e-07,"2321","<= 0.05",5.68257414118309,"Up*",0,3.258354832,0.876,0.055,0,"endothelial","BMP4_diff_3w - progenitor|untreated",100
"BMP4_diff_3w - progenitor|untreated.25","FREM1","ENSG00000164946",1283.09465834228,2.60127333447143,0.855950506590956,3.03904643369121,0.00237328271789412,"158326","<= 0.05",1.61100017542672,"Up*",1.36e-95,0.921348615,0.143,0.019,2.77e-91,"SMC","BMP4_diff_3w - progenitor|untreated",100
"BMP4_diff_3w - progenitor|untreated.26","GALNT15","ENSG00000131386",791.639840123539,4.79767115929712,0.773918205645161,6.19919666484346,5.675208155863e-10,"117248","<= 0.05",4.39425115480134,"Up*",0,1.36083886,0.522,0.074,0,"endothelial","BMP4_diff_3w - progenitor|untreated",100
"BMP4_diff_3w - progenitor|untreated.27","GPR85","ENSG00000164604",32.8575232144253,2.06681682324474,0.744906256609628,2.77459989751149,0.00552696568061562,"54329","<= 0.05",1.15817549794779,"Up*",0,1.283256842,0.28,0.006,0,"endothelial","BMP4_diff_3w - progenitor|untreated",100
"BMP4_diff_3w - progenitor|untreated.28","GUCY1A2","ENSG00000152402",2666.17275825983,2.90545113386885,0.617602257168573,4.70440497932929,2.54607411743074e-06,"2977","<= 0.05",2.61394637515124,"Up*",0,1.535285023,0.346,0.019,0,"pericyte","BMP4_diff_3w - progenitor|untreated",100
"BMP4_diff_3w - progenitor|untreated.29","HCN1","ENSG00000164588",10.075580842337,2.93378224797448,0.909705605679227,3.22497985024945,0.00125981535393566,"348980","<= 0.05",1.95385460551194,"Up*",0,1.203703787,0.223,0.012,0,"fibroblast","BMP4_diff_3w - progenitor|untreated",100
"BMP4_diff_3w - progenitor|untreated.30","HCN1","ENSG00000164588",10.075580842337,2.93378224797448,0.909705605679227,3.22497985024945,0.00125981535393566,"348980","<= 0.05",1.95385460551194,"Up*",0,2.185618568,0.458,0.028,0,"NEU2","BMP4_diff_3w - progenitor|untreated",100
"BMP4_diff_3w - progenitor|untreated.31","HMCN1","ENSG00000143341",58.0545649976877,6.4264236250191,1.11329322221375,5.77244475830038,7.81295626561078e-09,"83872","<= 0.05",5.44186965261591,"Up*",0,1.243177418,0.294,0.033,0,"endothelial","BMP4_diff_3w - progenitor|untreated",100
"BMP4_diff_3w - progenitor|untreated.32","ITGBL1","ENSG00000198542",20.232358754823,2.312678213906,0.923816930651287,2.50339448994031,0.0123008351012766,"9358","<= 0.05",1.03687963906463,"Up*",0,1.781719168,0.324,0.022,0,"NEU1","BMP4_diff_3w - progenitor|untreated",100
"BMP4_diff_3w - progenitor|untreated.33","KCNK13","ENSG00000152315",365.875697125637,3.79622219466342,1.08228633901039,3.50759504008392,0.000452176803348999,"56659","<= 0.05",2.70508764700033,"Up*",0,1.99226801,0.346,0.023,0,"microglia","BMP4_diff_3w - progenitor|untreated",100
"BMP4_diff_3w - progenitor|untreated.34","KIAA1755","ENSG00000149633",34.7015487425199,2.33318482100804,0.84890706335427,2.74845730672681,0.00598764321352655,"85449","<= 0.05",1.24414552515606,"Up*",0,1.549464677,0.425,0.067,0,"fibroblast","BMP4_diff_3w - progenitor|untreated",100
"BMP4_diff_3w - progenitor|untreated.35","KIF6","ENSG00000164627",20.5237218793481,3.76709643251829,0.804769036959761,4.68096591631997,2.85526411993201e-06,"221458","<= 0.05",3.3335766682021,"Up*",0,2.033980543,0.464,0.076,0,"oligodendrocytes","BMP4_diff_3w - progenitor|untreated",100
"BMP4_diff_3w - progenitor|untreated.36","KLHL32","ENSG00000186231",9.01526467096094,2.64460146366665,1.08913807055526,2.42815996902798,0.0151756479961135,"114792","<= 0.05",1.04732010974741,"Up*",0,2.631102053,0.741,0.197,0,"oligodendrocytes","BMP4_diff_3w - progenitor|untreated",100
"BMP4_diff_3w - progenitor|untreated.37","LDB3","ENSG00000122367",52.9252366614773,2.30350305065337,0.579558454369667,3.97458277639773,7.0502739075587e-05,"11155","<= 0.05",1.93342444296114,"Up*",0,2.007330676,0.4,0.013,0,"oligodendrocytes","BMP4_diff_3w - progenitor|untreated",100
"BMP4_diff_3w - progenitor|untreated.38","LDB3","ENSG00000122367",52.9252366614773,2.30350305065337,0.579558454369667,3.97458277639773,7.0502739075587e-05,"11155","<= 0.05",1.93342444296114,"Up*",4.18e-296,1.577275768,0.274,0.009,8.53e-292,"SMC","BMP4_diff_3w - progenitor|untreated",100
"BMP4_diff_3w - progenitor|untreated.39","LGI1","ENSG00000108231",6.34276810909922,2.8329007800852,1.12926591351156,2.50862152677221,0.0121203268636715,"9211","<= 0.05",1.16250429137351,"Up*",0,2.029560089,0.632,0.035,0,"astrocyte","BMP4_diff_3w - progenitor|untreated",100
"BMP4_diff_3w - progenitor|untreated.40","LIMS2","ENSG00000072163",710.768857700362,2.30452505103833,0.547155283621269,4.21183002343716,2.533101288525e-05,"55679","<= 0.05",1.99440353284095,"Up*",0,1.495773083,0.452,0.02,0,"endothelial","BMP4_diff_3w - progenitor|untreated",100
"BMP4_diff_3w - progenitor|untreated.41","LMOD1","ENSG00000163431",2040.83335407986,3.52437131094106,0.571642976178792,6.16533650863708,7.03334058852944e-10,"25802","<= 0.05",3.32366197022868,"Up*",5.66e-287,1.63166425,0.349,0.03,1.15e-282,"SMC","BMP4_diff_3w - progenitor|untreated",100
"BMP4_diff_3w - progenitor|untreated.42","LPAR1","ENSG00000198121",110.461431152441,3.13160076369506,0.71086673001558,4.40532751283271,1.05624170610935e-05,"1902","<= 0.05",2.74735152355559,"Up*",0,1.2948314,0.35,0.036,0,"fibroblast","BMP4_diff_3w - progenitor|untreated",100
"BMP4_diff_3w - progenitor|untreated.43","MYH11","ENSG00000133392",2428.27281362968,7.033827457591,1.0991452739239,6.39936105304857,1.56028493187828e-10,"4629","<= 0.05",6.00170947447236,"Up*",0,2.640842824,0.522,0.018,0,"SMC","BMP4_diff_3w - progenitor|untreated",100
"BMP4_diff_3w - progenitor|untreated.44","MYRIP","ENSG00000170011",26.9074385603272,4.84084285034358,1.08016691511233,4.48156926732029,7.40961754935489e-06,"25924","<= 0.05",4.02398384033605,"Up*",0,1.806021547,0.772,0.105,0,"endothelial","BMP4_diff_3w - progenitor|untreated",100
"BMP4_diff_3w - progenitor|untreated.45","NEGR1","ENSG00000172260",331.166428912736,2.61541924491558,0.663919580670417,3.93936151464995,8.16987444187318e-05,"257194","<= 0.05",2.17746094577141,"Up*",0,1.272920722,0.328,0.053,0,"fibroblast","BMP4_diff_3w - progenitor|untreated",100
"BMP4_diff_3w - progenitor|untreated.46","NFASC","ENSG00000163531",779.852687365277,3.34889899038598,0.454442389545659,7.36924870440482,1.71592284899808e-13,"23114","<= 0.05",3.22483385804592,"Up*",0,2.615685986,0.728,0.125,0,"oligodendrocytes","BMP4_diff_3w - progenitor|untreated",100
"BMP4_diff_3w - progenitor|untreated.47","NFATC2","ENSG00000101096",109.132873855266,2.45485703483425,0.607669680320801,4.03978857977295,5.34994052829603e-05,"4773","<= 0.05",2.07799956197836,"Up*",0,1.79705348,0.477,0.134,0,"microglia","BMP4_diff_3w - progenitor|untreated",100
"BMP4_diff_3w - progenitor|untreated.48","NKAIN2","ENSG00000188580",47.2630504856144,2.14272168287943,0.837776467524083,2.55762935095552,0.0105388354938301,"154215","<= 0.05",1.03032435243349,"Up*",0,3.145569789,0.767,0.169,0,"oligodendrocytes","BMP4_diff_3w - progenitor|untreated",100
"BMP4_diff_3w - progenitor|untreated.49","PALMD","ENSG00000099260",400.727639440078,2.0447918376615,0.533965886761764,3.82944283212948,0.000128433713675586,"54873","<= 0.05",1.67971742372151,"Up*",0,1.496542754,0.462,0.038,0,"endothelial","BMP4_diff_3w - progenitor|untreated",100
"BMP4_diff_3w - progenitor|untreated.50","PAMR1","ENSG00000149090",924.650321211318,7.86955776662131,0.600382474447326,13.1075740907753,2.97978064152784e-39,"25891","<= 0.05",7.51110232743042,"Up*",0,2.044081187,0.625,0.039,0,"astrocyte","BMP4_diff_3w - progenitor|untreated",100
"BMP4_diff_3w - progenitor|untreated.51","PAMR1","ENSG00000149090",924.650321211318,7.86955776662131,0.600382474447326,13.1075740907753,2.97978064152784e-39,"25891","<= 0.05",7.51110232743042,"Up*",0,1.036302482,0.229,0.03,0,"fibroblast","BMP4_diff_3w - progenitor|untreated",100
"BMP4_diff_3w - progenitor|untreated.52","PEX5L","ENSG00000114757",8.78831186678877,2.87872562151837,1.06407504545076,2.70537837892712,0.00682266264686996,"51555","<= 0.05",1.38303234487297,"Up*",0,3.481274794,0.812,0.101,0,"oligodendrocytes","BMP4_diff_3w - progenitor|untreated",100
"BMP4_diff_3w - progenitor|untreated.53","PLAC8","ENSG00000145287",9.46138974897851,4.23108390041288,1.27982681902733,3.30598158868753,0.000946443063643994,"51316","<= 0.05",2.63071617667474,"Up*",0,1.880614038,0.269,0.022,0,"LYM1","BMP4_diff_3w - progenitor|untreated",100
"BMP4_diff_3w - progenitor|untreated.54","PLCL1","ENSG00000115896",46.8891149968896,4.37278185729248,0.81115302542384,5.39082234823403,7.01359842999266e-08,"5334","<= 0.05",3.94705159723561,"Up*",0,2.851243885,0.823,0.198,0,"oligodendrocytes","BMP4_diff_3w - progenitor|untreated",100
"BMP4_diff_3w - progenitor|untreated.55","PLXNA4","ENSG00000221866",4166.36986775037,2.56230680570375,0.342630192783734,7.47834504859605,7.52643728548007e-14,"91584","<= 0.05",2.47362610237597,"Up*",0,2.220439706,0.475,0.03,0,"NEU2","BMP4_diff_3w - progenitor|untreated",100
"BMP4_diff_3w - progenitor|untreated.56","PLXNC1","ENSG00000136040",1735.95266588135,3.31998522371999,0.696790132274203,4.76468461584571,1.89149266492566e-06,"10154","<= 0.05",2.98440052307292,"Up*",0,1.056071617,0.226,0.013,0,"fibroblast","BMP4_diff_3w - progenitor|untreated",100
"BMP4_diff_3w - progenitor|untreated.57","PSD2","ENSG00000146005",162.447474106465,2.62283909400754,0.473514521826831,5.53908903129001,3.0404905295104e-08,"84249","<= 0.05",2.44785368004029,"Up*",0,1.668103474,0.519,0.02,0,"astrocyte","BMP4_diff_3w - progenitor|untreated",100
"BMP4_diff_3w - progenitor|untreated.58","RANBP3L","ENSG00000164188",52.829056023536,3.11937077317419,1.09569641091219,2.84692980839212,0.00441430943620754,"202151","<= 0.05",1.6184356465711,"Up*",0,1.125942491,0.334,0.087,0,"fibroblast","BMP4_diff_3w - progenitor|untreated",100
"BMP4_diff_3w - progenitor|untreated.59","RANBP3L","ENSG00000164188",52.829056023536,3.11937077317419,1.09569641091219,2.84692980839212,0.00441430943620754,"202151","<= 0.05",1.6184356465711,"Up*",0,1.714986209,0.606,0.065,0,"astrocyte","BMP4_diff_3w - progenitor|untreated",100
"BMP4_diff_3w - progenitor|untreated.60","RCSD1","ENSG00000198771",5.91823120539484,3.73570685177409,1.08198373185977,3.45264604427368,0.000555116887349857,"92241","<= 0.05",2.61393223667454,"Up*",0,1.89299779,0.534,0.099,0,"microglia","BMP4_diff_3w - progenitor|untreated",100
"BMP4_diff_3w - progenitor|untreated.61","RYR1","ENSG00000196218",271.562411507109,4.85505661565255,0.987045874683355,4.91877504397661,8.70874837610706e-07,"6261","<= 0.05",4.19146519792417,"Up*",0,1.84492522,0.507,0.2,0,"microglia","BMP4_diff_3w - progenitor|untreated",100
"BMP4_diff_3w - progenitor|untreated.62","SLC1A1","ENSG00000106688",35.8438109013967,3.84092700658837,0.745530769739651,5.15193626136942,2.57810665927943e-07,"6505","<= 0.05",3.48551252102216,"Up*",0,1.907138269,0.538,0.021,0,"endothelial","BMP4_diff_3w - progenitor|untreated",100
"BMP4_diff_3w - progenitor|untreated.63","SLC24A2","ENSG00000155886",50.0498242401477,3.54195705809455,1.08923748090658,3.25177669716851,0.00114686085692457,"25769","<= 0.05",2.28541477700111,"Up*",0,4.248520388,0.898,0.051,0,"oligodendrocytes","BMP4_diff_3w - progenitor|untreated",100
"BMP4_diff_3w - progenitor|untreated.64","SPON2","ENSG00000159674",904.252890248511,4.08792844491556,0.558560346324274,7.31868717823785,2.50408563363516e-13,"10417","<= 0.05",3.8952857085724,"Up*",0,2.033828831,0.252,0.007,0,"LYM1","BMP4_diff_3w - progenitor|untreated",100
"BMP4_diff_3w - progenitor|untreated.65","SRRM3","ENSG00000177679",237.385827933835,3.07989686423256,0.877283555968363,3.5107199300378,0.000446894963622437,"222183","<= 0.05",2.28751149982352,"Up*",0,2.190830955,0.465,0.016,0,"NEU2","BMP4_diff_3w - progenitor|untreated",100
"BMP4_diff_3w - progenitor|untreated.66","SYN2","ENSG00000157152",21.0176195809617,3.67998749234014,0.879239221619626,4.18542235361307,2.84636356246049e-05,"6854","<= 0.05",3.10860331291849,"Up*",0,2.245829464,0.488,0.022,0,"NEU2","BMP4_diff_3w - progenitor|untreated",100
"BMP4_diff_3w - progenitor|untreated.67","TGM2","ENSG00000198959",1051.53039339042,2.67930084813749,0.741047907748467,3.61555686227903,0.000299702678013961,"7052","<= 0.05",2.08044953242942,"Up*",0,1.592633284,0.398,0.009,0,"endothelial","BMP4_diff_3w - progenitor|untreated",100
"BMP4_diff_3w - progenitor|untreated.68","THBS2","ENSG00000186340",1092.24645919345,3.42549681917038,0.740150042195908,4.62811136105252,3.69015581931164e-06,"7058","<= 0.05",3.04518047385385,"Up*",0,1.170748656,0.196,0.006,0,"fibroblast","BMP4_diff_3w - progenitor|untreated",100
"BMP4_diff_3w - progenitor|untreated.69","TMEM144","ENSG00000164124",39.0626072684006,2.7165728890061,0.52202167724352,5.20394651683944,1.95100177418244e-07,"55314","<= 0.05",2.50670888817547,"Up*",0,3.072495615,0.811,0.164,0,"oligodendrocytes","BMP4_diff_3w - progenitor|untreated",100
"BMP4_diff_3w - progenitor|untreated.70","TRABD2B","ENSG00000269113",8.53758325084831,2.64116936370799,0.851982927461393,3.10002616082665,0.00193503550799338,"388630","<= 0.05",1.68477367613813,"Up*",1.45e-63,0.91713936,0.173,0.051,2.97e-59,"SMC","BMP4_diff_3w - progenitor|untreated",100
"BMP4_diff_3w - progenitor|untreated.71","TRPM3","ENSG00000083067",127.347162281979,3.15747416075707,0.943122829947492,3.34789283060072,0.000814284934084844,"80036","<= 0.05",2.194330942948,"Up*",0,2.448799914,0.768,0.133,0,"astrocyte","BMP4_diff_3w - progenitor|untreated",100
"BMP4_diff_3w - progenitor|untreated.72","TRPM3","ENSG00000083067",127.347162281979,3.15747416075707,0.943122829947492,3.34789283060072,0.000814284934084844,"80036","<= 0.05",2.194330942948,"Up*",0,1.232811702,0.267,0.183,0,"fibroblast","BMP4_diff_3w - progenitor|untreated",100
"BMP4_diff_3w - progenitor|untreated.73","VWF","ENSG00000110799",8.37579679712961,3.97501398288203,1.03085377956402,3.85604055753006,0.00011523837670202,"7450","<= 0.05",3.12291622017781,"Up*",0,2.865679355,0.795,0.018,0,"endothelial","BMP4_diff_3w - progenitor|untreated",100
"BMP4_diff_3w - progenitor|untreated.74","XKR4","ENSG00000206579",146.974414403284,5.0791472581142,1.35039071451036,3.76124273037219,0.000169071260680303,"114786","<= 0.05",3.58307543207684,"Up*",0,2.872990191,0.549,0.016,0,"NEU2","BMP4_diff_3w - progenitor|untreated",100
"BMP4_diff_3w - progenitor|untreated.75","ZAP70","ENSG00000115085",5.02954070602439,2.87370279534691,1.05650272849835,2.72001455162489,0.00652790435481353,"7535","<= 0.05",1.39762187531643,"Up*",0,1.800086712,0.225,0.004,0,"LYM1","BMP4_diff_3w - progenitor|untreated",100
"CNTF_diff_3w - progenitor|untreated.1","ABCA8","ENSG00000141338",35.147280648871,3.90785573814709,0.520872541196378,7.50251823444416,6.26033021672355e-14,"10351","<= 0.05",3.70011379850241,"Up*",0,1.658723056,0.449,0.065,0,"fibroblast","CNTF_diff_3w - progenitor|untreated",100
"CNTF_diff_3w - progenitor|untreated.2","ABCC9","ENSG00000069431",171.183896963123,2.32938967510491,0.772183220364432,3.01662819609776,0.00255603112067709,"10060","<= 0.05",1.47290836368547,"Up*",0,1.434128105,0.377,0.033,0,"pericyte","CNTF_diff_3w - progenitor|untreated",100
"CNTF_diff_3w - progenitor|untreated.3","ABCG2","ENSG00000118777",6.14101085139514,3.59149266611725,1.0249634212289,3.50402033060961,0.000458290368402678,"9429","<= 0.05",2.55583253588829,"Up*",0,2.107851086,0.603,0.033,0,"endothelial","CNTF_diff_3w - progenitor|untreated",100
"CNTF_diff_3w - progenitor|untreated.4","ACOT11","ENSG00000162390",152.990453645629,3.36599172906102,0.822160481564929,4.09408114904049,4.23845858260876e-05,"26027","<= 0.05",2.81358502349899,"Up*",0,1.779747467,0.658,0.073,0,"astrocyte","CNTF_diff_3w - progenitor|untreated",100
"CNTF_diff_3w - progenitor|untreated.5","ADCY8","ENSG00000155897",285.559717990963,4.02686193428477,1.10968486157937,3.62883380111493,0.000284704450270016,"114","<= 0.05",2.8769498328866,"Up*",0,1.781758261,0.515,0.029,0,"astrocyte","CNTF_diff_3w - progenitor|untreated",100
"CNTF_diff_3w - progenitor|untreated.6","ALDH1L1","ENSG00000144908",19.2799452241558,7.43222959595878,1.29912557357811,5.72094780298151,1.0593144034316e-08,"10840","<= 0.05",5.80259987823146,"Up*",0,1.960030146,0.594,0.034,0,"astrocyte","CNTF_diff_3w - progenitor|untreated",100
"CNTF_diff_3w - progenitor|untreated.7","AQP4","ENSG00000171885",962.407282413571,3.48002803645343,0.671439712274877,5.1829344806891,2.18421783833799e-07,"361","<= 0.05",3.1552383005347,"Up*",0,1.939693693,0.623,0.071,0,"astrocyte","CNTF_diff_3w - progenitor|untreated",100
"CNTF_diff_3w - progenitor|untreated.8","ARFGEF3","ENSG00000112379",96.3887060401081,2.81766952948059,0.600748478785694,4.69026494278604,2.72851515941767e-06,"57221","<= 0.05",2.54724281788999,"Up*",0,2.165508917,0.591,0.11,0,"oligodendrocytes","CNTF_diff_3w - progenitor|untreated",100
"CNTF_diff_3w - progenitor|untreated.9","ATP13A4","ENSG00000127249",12.8735578540525,2.49284806669831,0.675566045330718,3.69001385420127,0.0002242418392584,"84239","<= 0.05",2.00113927820856,"Up*",0,1.943440575,0.655,0.054,0,"astrocyte","CNTF_diff_3w - progenitor|untreated",100
"CNTF_diff_3w - progenitor|untreated.10","ATP8B4","ENSG00000104043",6.25111602227771,4.59970586957893,1.25767388109276,3.65731207328753,0.000254873997553144,"79895","<= 0.05",3.12736747211434,"Up*",0,2.93826203,0.685,0.062,0,"microglia","CNTF_diff_3w - progenitor|untreated",100
"CNTF_diff_3w - progenitor|untreated.11","C3","ENSG00000125730",11436.0779068888,3.58040446686595,0.741895919001067,4.82601989735545,1.39288598734655e-06,"718","<= 0.05",3.17410602286496,"Up*",0,2.55949583,0.569,0.077,0,"microglia","CNTF_diff_3w - progenitor|untreated",100
"CNTF_diff_3w - progenitor|untreated.12","CCL5","ENSG00000271503",4525.27382239473,3.27772731331003,1.28931821990891,2.54221747796414,0.0110151611895482,"6352","<= 0.05",1.26413841438421,"Up*",0,1.513119336,0.162,0.003,0,"LYM1","CNTF_diff_3w - progenitor|untreated",100
"CNTF_diff_3w - progenitor|untreated.13","CD74","ENSG00000019582",26621.7437143481,3.32057811421465,0.62134666435539,5.3441634190787,9.08355910896402e-08,"972","<= 0.05",3.04775916052936,"Up*",0,2.07389566,0.415,0.042,0,"microglia","CNTF_diff_3w - progenitor|untreated",100
"CNTF_diff_3w - progenitor|untreated.14","CELF4","ENSG00000101489",134.202463654266,3.20025935536865,0.533782540800736,5.9954365509368,2.02939521810979e-09,"56853","<= 0.05",3.00422575214965,"Up*",0,2.177119996,0.472,0.019,0,"NEU2","CNTF_diff_3w - progenitor|untreated",100
"CNTF_diff_3w - progenitor|untreated.15","CIITA","ENSG00000179583",443.171761016352,2.42494305970096,0.783957979601757,3.09320540487745,0.00198007033982296,"4261","<= 0.05",1.58324800993805,"Up*",0,1.8675936,0.366,0.044,0,"microglia","CNTF_diff_3w - progenitor|untreated",100
"CNTF_diff_3w - progenitor|untreated.16","CNTN1","ENSG00000018236",650.509531846125,2.93549151629121,0.792224239287734,3.70537957653306,0.00021107439681334,"1272","<= 0.05",2.32879980382188,"Up*",0,2.27859939,0.75,0.11,0,"astrocyte","CNTF_diff_3w - progenitor|untreated",100
"CNTF_diff_3w - progenitor|untreated.17","CNTN1","ENSG00000018236",650.509531846125,2.93549151629121,0.792224239287734,3.70537957653306,0.00021107439681334,"1272","<= 0.05",2.32879980382188,"Up*",0,0.922179725,0.299,0.101,0,"pericyte","CNTF_diff_3w - progenitor|untreated",100
"CNTF_diff_3w - progenitor|untreated.18","CNTNAP2","ENSG00000174469",210.631240749498,3.06714113287994,0.960259148880666,3.19407644952425,0.00140278963401261,"26047","<= 0.05",1.99656854888542,"Up*",0,2.427675117,0.615,0.122,0,"oligodendrocytes","CNTF_diff_3w - progenitor|untreated",100
"CNTF_diff_3w - progenitor|untreated.19","CNTNAP5","ENSG00000155052",9.71585622056888,3.9958304497317,1.28101444813031,3.11927039977088,0.0018129949745233,"129684","<= 0.05",2.20134404049286,"Up*",0,3.598146934,0.673,0.03,0,"NEU2","CNTF_diff_3w - progenitor|untreated",100
"CNTF_diff_3w - progenitor|untreated.20","CPE","ENSG00000109472",513.12290595528,2.75223092384887,0.672483442920611,4.09263745125957,4.26494277459346e-05,"1363","<= 0.05",2.35891445554727,"Up*",0,1.97982977,0.701,0.115,0,"astrocyte","CNTF_diff_3w - progenitor|untreated",100
"CNTF_diff_3w - progenitor|untreated.21","CRB1","ENSG00000134376",212.629955551254,2.66278762826808,0.887928159994843,2.99887732841308,0.00270976385816496,"23418","<= 0.05",1.61953016953643,"Up*",0,1.921608064,0.654,0.066,0,"astrocyte","CNTF_diff_3w - progenitor|untreated",100
"CNTF_diff_3w - progenitor|untreated.22","CSMD1","ENSG00000183117",20.7867109883702,4.11655895886662,1.2822262997032,3.21047771350461,0.0013251454379374,"64478","<= 0.05",2.3678932812661,"Up*",0,4.8096817,0.855,0.129,0,"NEU2","CNTF_diff_3w - progenitor|untreated",100
"CNTF_diff_3w - progenitor|untreated.23","DACH2","ENSG00000126733",19.971216351968,6.42675759864521,1.24967563589147,5.14274057528586,2.70759388049959e-07,"117154","<= 0.05",5.01809983321187,"Up*",2.1e-70,0.965058302,0.111,0.017,4.29e-66,"SMC","CNTF_diff_3w - progenitor|untreated",100
"CNTF_diff_3w - progenitor|untreated.24","DNAH7","ENSG00000118997",296.321781294638,3.96559160441618,0.597552993580036,6.6363848010495,3.21469958390027e-11,"56171","<= 0.05",3.69260287276658,"Up*",0,1.78145836,0.508,0.043,0,"astrocyte","CNTF_diff_3w - progenitor|untreated",100
"CNTF_diff_3w - progenitor|untreated.25","DSCAML1","ENSG00000177103",18.8880243250235,2.75375079166859,0.953276288435506,2.88872263484911,0.00386810098478091,"57453","<= 0.05",1.54714204447034,"Up*",0,2.838874657,0.713,0.07,0,"oligodendrocytes","CNTF_diff_3w - progenitor|untreated",100
"CNTF_diff_3w - progenitor|untreated.26","EFEMP1","ENSG00000115380",159.104492249183,3.58261708674709,0.886187959039171,4.04272823863626,5.28328430536862e-05,"2202","<= 0.05",2.93407538290397,"Up*",0,1.754470191,0.525,0.042,0,"astrocyte","CNTF_diff_3w - progenitor|untreated",100
"CNTF_diff_3w - progenitor|untreated.27","ELN","ENSG00000049540",36927.6712990496,3.37367048065133,0.885074079949276,3.81173797434525,0.000137993114440625,"2006","<= 0.05",2.67667264388809,"Up*",0,1.008063911,0.265,0.052,0,"fibroblast","CNTF_diff_3w - progenitor|untreated",100
"CNTF_diff_3w - progenitor|untreated.28","FAM107A","ENSG00000168309",821.987254576356,4.21207017095727,0.766919716904441,5.49219178763414,3.96975950177889e-08,"11170","<= 0.05",3.75589956910507,"Up*",0,1.686858191,0.537,0.035,0,"astrocyte","CNTF_diff_3w - progenitor|untreated",100
"CNTF_diff_3w - progenitor|untreated.29","FAM13C","ENSG00000148541",343.832719645831,2.11171847895069,0.496756302208055,4.25101497366861,2.12803938703036e-05,"220965","<= 0.05",1.84965120476423,"Up*",0,1.954220058,0.516,0.118,0,"oligodendrocytes","CNTF_diff_3w - progenitor|untreated",100
"CNTF_diff_3w - progenitor|untreated.30","FAM20A","ENSG00000108950",32.9241056078513,3.35710932579217,1.26054674564418,2.66321684411361,0.00773975202034848,"54757","<= 0.05",1.42719127483919,"Up*",0,1.274296673,0.294,0.022,0,"fibroblast","CNTF_diff_3w - progenitor|untreated",100
"CNTF_diff_3w - progenitor|untreated.31","FLT1","ENSG00000102755",23.2225132146243,3.60526651109281,1.4349965514267,2.51238688170253,0.0119917542917564,"2321","<= 0.05",1.25098421697126,"Up*",0,3.258354832,0.876,0.055,0,"endothelial","CNTF_diff_3w - progenitor|untreated",100
"CNTF_diff_3w - progenitor|untreated.32","FREM1","ENSG00000164946",1283.09465834228,4.00998173611309,0.853031306972252,4.70086115636964,2.59066625007306e-06,"158326","<= 0.05",3.45149851240016,"Up*",1.36e-95,0.921348615,0.143,0.019,2.77e-91,"SMC","CNTF_diff_3w - progenitor|untreated",100
"CNTF_diff_3w - progenitor|untreated.33","FSTL5","ENSG00000168843",7.1676390861352,4.05100565358923,0.925202292115759,4.37850801723086,1.19494546102196e-05,"56884","<= 0.05",3.3753921765293,"Up*",0,2.324502454,0.407,0.065,0,"NEU2","CNTF_diff_3w - progenitor|untreated",100
"CNTF_diff_3w - progenitor|untreated.34","FUT9","ENSG00000172461",70.0126531860117,2.34783696598266,0.862055642783292,2.72353297102988,0.00645877683696197,"10690","<= 0.05",1.24137216757284,"Up*",0,2.09125992,0.729,0.105,0,"astrocyte","CNTF_diff_3w - progenitor|untreated",100
"CNTF_diff_3w - progenitor|untreated.35","GALNT15","ENSG00000131386",791.639840123539,5.73261691210656,0.773688978745954,7.4094591878488,1.26815493840896e-13,"117248","<= 0.05",5.18294420848765,"Up*",0,1.36083886,0.522,0.074,0,"endothelial","CNTF_diff_3w - progenitor|untreated",100
"CNTF_diff_3w - progenitor|untreated.36","GPR85","ENSG00000164604",32.8575232144253,2.45579500839492,0.747012330896051,3.28748925128071,0.00101085047882768,"54329","<= 0.05",1.74462399618122,"Up*",0,1.283256842,0.28,0.006,0,"endothelial","CNTF_diff_3w - progenitor|untreated",100
"CNTF_diff_3w - progenitor|untreated.37","GRID2","ENSG00000152208",93.6144975973888,2.84115509050042,0.878543232442101,3.23393884966003,0.00122095594777687,"2895","<= 0.05",1.92485050906388,"Up*",0,2.34553246,0.415,0.186,0,"microglia","CNTF_diff_3w - progenitor|untreated",100
"CNTF_diff_3w - progenitor|untreated.38","GRIN2A","ENSG00000183454",525.057506405402,3.36153852827212,0.70074444904708,4.79709619226149,1.60982305062566e-06,"2903","<= 0.05",3.00293630168937,"Up*",9.12e-99,1.103075539,0.148,0.023,1.86e-94,"SMC","CNTF_diff_3w - progenitor|untreated",100
"CNTF_diff_3w - progenitor|untreated.39","GRM5","ENSG00000168959",34.78369847245,2.3904854787189,0.572332909700254,4.17673951332076,2.95717341550403e-05,"2915","<= 0.05",2.08127394153888,"Up*",0,2.620319913,0.494,0.022,0,"NEU2","CNTF_diff_3w - progenitor|untreated",100
"CNTF_diff_3w - progenitor|untreated.40","HCN1","ENSG00000164588",10.075580842337,4.31682009621286,0.898630656602348,4.80377568303135,1.55701258722619e-06,"348980","<= 0.05",3.68418310127888,"Up*",0,2.185618568,0.458,0.028,0,"NEU2","CNTF_diff_3w - progenitor|untreated",100
"CNTF_diff_3w - progenitor|untreated.41","HCN1","ENSG00000164588",10.075580842337,4.31682009621286,0.898630656602348,4.80377568303135,1.55701258722619e-06,"348980","<= 0.05",3.68418310127888,"Up*",0,1.203703787,0.223,0.012,0,"fibroblast","CNTF_diff_3w - progenitor|untreated",100
"CNTF_diff_3w - progenitor|untreated.42","HMCN1","ENSG00000143341",58.0545649976877,3.23598474248888,1.124913466348,2.87665215084892,0.00401918380019996,"83872","<= 0.05",1.68297170549294,"Up*",0,1.243177418,0.294,0.033,0,"endothelial","CNTF_diff_3w - progenitor|untreated",100
"CNTF_diff_3w - progenitor|untreated.43","KCNH8","ENSG00000183960",6.46135047707468,1.99553179829198,0.78485925170386,2.54253459325332,0.0110051706748463,"131096","<= 0.05",0.97995314248247,"Up*",0,3.260117608,0.736,0.027,0,"oligodendrocytes","CNTF_diff_3w - progenitor|untreated",100
"CNTF_diff_3w - progenitor|untreated.44","KCNN3","ENSG00000143603",2283.78317975515,2.46888159255412,0.45497956937282,5.42635704710306,5.75158495881218e-08,"3782","<= 0.05",2.31733785241853,"Up*",0,2.182972041,0.634,0.029,0,"astrocyte","CNTF_diff_3w - progenitor|untreated",100
"CNTF_diff_3w - progenitor|untreated.45","KIF6","ENSG00000164627",20.5237218793481,2.91018476660552,0.808409573231263,3.59988904507072,0.000318352994508408,"221458","<= 0.05",2.24819394026814,"Up*",0,2.033980543,0.464,0.076,0,"oligodendrocytes","CNTF_diff_3w - progenitor|untreated",100
"CNTF_diff_3w - progenitor|untreated.46","KLHL32","ENSG00000186231",9.01526467096094,3.90879570475296,1.06231466916968,3.67950835867506,0.000233684030360471,"114792","<= 0.05",2.87195414569555,"Up*",0,2.631102053,0.741,0.197,0,"oligodendrocytes","CNTF_diff_3w - progenitor|untreated",100
"CNTF_diff_3w - progenitor|untreated.47","LGI1","ENSG00000108231",6.34276810909922,3.32828204583503,1.12517594525838,2.95801030928611,0.00309631768379447,"9211","<= 0.05",1.81256043441871,"Up*",0,2.029560089,0.632,0.035,0,"astrocyte","CNTF_diff_3w - progenitor|untreated",100
"CNTF_diff_3w - progenitor|untreated.48","LINC01088","ENSG00000249307",293.450531015776,4.18991585677688,1.06705470214546,3.9266176779433,8.61487529201704e-05,"100505875","<= 0.05",3.21227032176741,"Up*",0,2.666753303,0.729,0.051,0,"fibroblast","CNTF_diff_3w - progenitor|untreated",100
"CNTF_diff_3w - progenitor|untreated.49","LMOD1","ENSG00000163431",2040.83335407986,2.75824469823467,0.571986245707639,4.82222207078123,1.41967762751502e-06,"25802","<= 0.05",2.51605844568321,"Up*",5.66e-287,1.63166425,0.349,0.03,1.15e-282,"SMC","CNTF_diff_3w - progenitor|untreated",100
"CNTF_diff_3w - progenitor|untreated.50","LRRC71","ENSG00000160838",16.0044281395725,5.07142862382216,1.61994970354119,3.13060869281069,0.00174444431312684,"149499","<= 0.05",2.32813927614867,"Up*",0,2.88248716,0.679,0.078,0,"NEU2","CNTF_diff_3w - progenitor|untreated",100
"CNTF_diff_3w - progenitor|untreated.51","MYH11","ENSG00000133392",2428.27281362968,4.85095482942233,1.10049602348909,4.40797124740398,1.04343392834241e-05,"4629","<= 0.05",3.85088463927218,"Up*",0,2.640842824,0.522,0.018,0,"SMC","CNTF_diff_3w - progenitor|untreated",100
"CNTF_diff_3w - progenitor|untreated.52","MYRIP","ENSG00000170011",26.9074385603272,3.47858086969102,1.08994022288129,3.19153362419756,0.00141519637803857,"25924","<= 0.05",2.15935189902769,"Up*",0,1.806021547,0.772,0.105,0,"endothelial","CNTF_diff_3w - progenitor|untreated",100
"CNTF_diff_3w - progenitor|untreated.53","NEGR1","ENSG00000172260",331.166428912736,2.89001366399238,0.662954285983771,4.35929554283494,1.30481796821293e-05,"257194","<= 0.05",2.54227751317195,"Up*",0,1.272920722,0.328,0.053,0,"fibroblast","CNTF_diff_3w - progenitor|untreated",100
"CNTF_diff_3w - progenitor|untreated.54","NFASC","ENSG00000163531",779.852687365277,3.03016435515537,0.454631802668343,6.66509544068542,2.64493417342829e-11,"23114","<= 0.05",2.89193109049583,"Up*",0,2.615685986,0.728,0.125,0,"oligodendrocytes","CNTF_diff_3w - progenitor|untreated",100
"CNTF_diff_3w - progenitor|untreated.55","NFATC2","ENSG00000101096",109.132873855266,2.44592867680202,0.607472819450943,4.0264001918847,5.66372636925916e-05,"4773","<= 0.05",2.08853121762201,"Up*",0,1.79705348,0.477,0.134,0,"microglia","CNTF_diff_3w - progenitor|untreated",100
"CNTF_diff_3w - progenitor|untreated.56","NKAIN2","ENSG00000188580",47.2630504856144,2.12736517375685,0.835095942975969,2.54745001655225,0.0108513397055067,"154215","<= 0.05",1.02590511929827,"Up*",0,3.145569789,0.767,0.169,0,"oligodendrocytes","CNTF_diff_3w - progenitor|untreated",100
"CNTF_diff_3w - progenitor|untreated.57","NMNAT2","ENSG00000157064",157.085420371588,3.34179908217842,0.799505676387732,4.17983158953554,2.91725058419277e-05,"23057","<= 0.05",2.829973981397,"Up*",1.17e-114,1.017386336,0.148,0.016,2.4e-110,"SMC","CNTF_diff_3w - progenitor|untreated",100
"CNTF_diff_3w - progenitor|untreated.58","OBI1-AS1","ENSG00000234377",16.0920638717782,3.06055335533845,0.917242346912565,3.33668998780994,0.000847824598373184,"100874222","<= 0.05",2.13293682789399,"Up*",0,2.770637841,0.696,0.071,0,"astrocyte","CNTF_diff_3w - progenitor|untreated",100
"CNTF_diff_3w - progenitor|untreated.59","PAMR1","ENSG00000149090",924.650321211318,5.29601372807457,0.601175820212605,8.8094257121014,1.25788616449818e-18,"25891","<= 0.05",4.97011582487829,"Up*",0,2.044081187,0.625,0.039,0,"astrocyte","CNTF_diff_3w - progenitor|untreated",100
"CNTF_diff_3w - progenitor|untreated.60","PAMR1","ENSG00000149090",924.650321211318,5.29601372807457,0.601175820212605,8.8094257121014,1.25788616449818e-18,"25891","<= 0.05",4.97011582487829,"Up*",0,1.036302482,0.229,0.03,0,"fibroblast","CNTF_diff_3w - progenitor|untreated",100
"CNTF_diff_3w - progenitor|untreated.61","PCAT1","ENSG00000253438",10.6214699475317,2.09227913312205,0.564708688902405,3.70505921768036,0.000211341351884806,"100750225","<= 0.05",1.68944458888026,"Up*",0,1.848284042,0.199,0.065,0,"LYM2","CNTF_diff_3w - progenitor|untreated",100
"CNTF_diff_3w - progenitor|untreated.62","PCDH15","ENSG00000150275",25.6390678628374,3.31386483490035,0.739992844574375,4.47823902514408,7.52613050390116e-06,"65217","<= 0.05",2.8994648303804,"Up*",0,2.419066106,0.265,0.034,0,"NEU2","CNTF_diff_3w - progenitor|untreated",100
"CNTF_diff_3w - progenitor|untreated.63","PDZRN4","ENSG00000165966",29.3871087126623,4.58435771039562,1.41025800643458,3.25072269717922,0.0011511207519268,"29951","<= 0.05",2.51836410061539,"Up*",0,1.373842508,0.117,0.014,0,"fibroblast","CNTF_diff_3w - progenitor|untreated",100
"CNTF_diff_3w - progenitor|untreated.64","PLP1","ENSG00000123560",906.293121317639,2.66839124740412,0.619158357739425,4.30970722441111,1.63470817954778e-05,"5354","<= 0.05",2.34909569172679,"Up*",0,3.124981022,0.731,0.06,0,"oligodendrocytes","CNTF_diff_3w - progenitor|untreated",100
"CNTF_diff_3w - progenitor|untreated.65","PRKG1","ENSG00000185532",28.6337331696301,2.3342303776661,0.745267725494414,3.13206958763384,0.00173578728540602,"5592","<= 0.05",1.56146399524862,"Up*",0,1.705574339,0.796,0.182,0,"astrocyte","CNTF_diff_3w - progenitor|untreated",100
"CNTF_diff_3w - progenitor|untreated.66","PSD2","ENSG00000146005",162.447474106465,2.39474671037469,0.473936275462971,5.0528875596943,4.3518011401691e-07,"84249","<= 0.05",2.21831683426896,"Up*",0,1.668103474,0.519,0.02,0,"astrocyte","CNTF_diff_3w - progenitor|untreated",100
"CNTF_diff_3w - progenitor|untreated.67","RANBP3L","ENSG00000164188",52.829056023536,2.66089147452921,1.09830013685579,2.42273617678571,0.0154041091019338,"202151","<= 0.05",1.04887893081424,"Up*",0,1.125942491,0.334,0.087,0,"fibroblast","CNTF_diff_3w - progenitor|untreated",100
"CNTF_diff_3w - progenitor|untreated.68","RANBP3L","ENSG00000164188",52.829056023536,2.66089147452921,1.09830013685579,2.42273617678571,0.0154041091019338,"202151","<= 0.05",1.04887893081424,"Up*",0,1.714986209,0.606,0.065,0,"astrocyte","CNTF_diff_3w - progenitor|untreated",100
"CNTF_diff_3w - progenitor|untreated.69","RCSD1","ENSG00000198771",5.91823120539484,3.80456246257508,1.08168567755758,3.51725324788037,0.000436037549870427,"92241","<= 0.05",2.66556198267456,"Up*",0,1.89299779,0.534,0.099,0,"microglia","CNTF_diff_3w - progenitor|untreated",100
"CNTF_diff_3w - progenitor|untreated.70","RYR1","ENSG00000196218",271.562411507109,4.53738597065483,0.982230649277787,4.61947097048037,3.84719699128271e-06,"6261","<= 0.05",3.76481565223281,"Up*",0,1.84492522,0.507,0.2,0,"microglia","CNTF_diff_3w - progenitor|untreated",100
"CNTF_diff_3w - progenitor|untreated.71","SGCD","ENSG00000170624",15.4711178178699,3.7304171518649,1.39323327322398,2.67752516650181,0.00741682804539158,"6444","<= 0.05",1.48550340400547,"Up*",0,1.568365566,0.421,0.057,0,"fibroblast","CNTF_diff_3w - progenitor|untreated",100
"CNTF_diff_3w - progenitor|untreated.72","SGCD","ENSG00000170624",15.4711178178699,3.7304171518649,1.39323327322398,2.67752516650181,0.00741682804539158,"6444","<= 0.05",1.48550340400547,"Up*",0,1.678436054,0.605,0.118,0,"astrocyte","CNTF_diff_3w - progenitor|untreated",100
"CNTF_diff_3w - progenitor|untreated.73","SLC1A1","ENSG00000106688",35.8438109013967,3.14642458241021,0.752147635570981,4.18325396984283,2.87366055422742e-05,"6505","<= 0.05",2.69028295388683,"Up*",0,1.907138269,0.538,0.021,0,"endothelial","CNTF_diff_3w - progenitor|untreated",100
"CNTF_diff_3w - progenitor|untreated.74","SLC24A2","ENSG00000155886",50.0498242401477,5.02199456159596,1.08564353538316,4.62582274744863,3.73114293721478e-06,"25769","<= 0.05",4.04720817185678,"Up*",0,4.248520388,0.898,0.051,0,"oligodendrocytes","CNTF_diff_3w - progenitor|untreated",100
"CNTF_diff_3w - progenitor|untreated.75","SPON1","ENSG00000262655",376.087905715463,5.74940451644671,1.3809247448042,4.1634452116809,3.13481272492844e-05,"10418","<= 0.05",4.06908481433222,"Up*",0,1.88860795,0.593,0.045,0,"astrocyte","CNTF_diff_3w - progenitor|untreated",100
"CNTF_diff_3w - progenitor|untreated.76","SRRM3","ENSG00000177679",237.385827933835,2.35674057612143,0.877870693701242,2.68461015162157,0.007261445090637,"222183","<= 0.05",1.21124370897491,"Up*",0,2.190830955,0.465,0.016,0,"NEU2","CNTF_diff_3w - progenitor|untreated",100
"CNTF_diff_3w - progenitor|untreated.77","SULF1","ENSG00000137573",16.5735430727434,3.52662733537918,0.940380357241966,3.7502137387497,0.000176683904071283,"23213","<= 0.05",2.72797831854119,"Up*",0,2.959785865,0.508,0.025,0,"NEU1","CNTF_diff_3w - progenitor|untreated",100
"CNTF_diff_3w - progenitor|untreated.78","THBS2","ENSG00000186340",1092.24645919345,2.41998162224236,0.740268492343105,3.26905933086873,0.00107905672562797,"7058","<= 0.05",1.70947870051755,"Up*",0,1.170748656,0.196,0.006,0,"fibroblast","CNTF_diff_3w - progenitor|untreated",100
"CNTF_diff_3w - progenitor|untreated.79","TMEM144","ENSG00000164124",39.0626072684006,1.99527603574453,0.524571380138514,3.80363113827841,0.000142590453699207,"55314","<= 0.05",1.64038166013943,"Up*",0,3.072495615,0.811,0.164,0,"oligodendrocytes","CNTF_diff_3w - progenitor|untreated",100
"CNTF_diff_3w - progenitor|untreated.80","TMEM163","ENSG00000152128",830.632905210445,2.30991811515067,0.902682221788453,2.5589493837312,0.0104989026694552,"81615","<= 0.05",1.09017271729504,"Up*",0,2.22236168,0.251,0.041,0,"microglia","CNTF_diff_3w - progenitor|untreated",100
"CNTF_diff_3w - progenitor|untreated.81","TRPM3","ENSG00000083067",127.347162281979,3.13789681565294,0.936370756604924,3.35112645660813,0.00080483540353651,"80036","<= 0.05",2.18614060020636,"Up*",0,1.232811702,0.267,0.183,0,"fibroblast","CNTF_diff_3w - progenitor|untreated",100
"CNTF_diff_3w - progenitor|untreated.82","TRPM3","ENSG00000083067",127.347162281979,3.13789681565294,0.936370756604924,3.35112645660813,0.00080483540353651,"80036","<= 0.05",2.18614060020636,"Up*",0,2.448799914,0.768,0.133,0,"astrocyte","CNTF_diff_3w - progenitor|untreated",100
"CNTF_diff_3w - progenitor|untreated.83","VWF","ENSG00000110799",8.37579679712961,2.94528001285702,1.03765129693658,2.83841018803933,0.00453388766144375,"7450","<= 0.05",1.5562148045741,"Up*",0,2.865679355,0.795,0.018,0,"endothelial","CNTF_diff_3w - progenitor|untreated",100
"CNTF_diff_3w - progenitor|untreated.84","XKR4","ENSG00000206579",146.974414403284,5.38015148189214,1.34866326400899,3.98924744631901,6.62832491378681e-05,"114786","<= 0.05",3.76649685073351,"Up*",0,2.872990191,0.549,0.016,0,"NEU2","CNTF_diff_3w - progenitor|untreated",100
